{
  "resolution": [
    200,
    100,
    1
  ],
  "bounds": {
    "min": [
      0.0,
      -610.2095004263501,
      -610.2200606341403
    ],
    "max": [
      1717.246948710995,
      610.2095004263501,
      610.2200606341403
    ],
    "center": [
      1011.5508585279268,
      0.057298461842384525,
      0.12042649767512051
    ],
    "extent": [
      1717.246948710995,
      1220.4190008527003,
      1220.4401212682806
    ]
  },
  "format": "numpy"
}