{
  "run_id": "20250726_230809",
  "timestamp": "2025-07-26T23:08:09.709626",
  "domain_bounds": [
    -5.0,
    -5.0,
    -10.0,
    5.0,
    5.0,
    10.0
  ],
  "resolution": [
    50,
    50,
    50
  ],
  "grid_spacing": [
    0.20408163265306123,
    0.20408163265306123,
    0.40816326530612246
  ],
  "sdf_stats": {
    "min": -305.59429931640625,
    "max": -294.6014709472656,
    "mean": -299.73895263671875,
    "std": 2.594956159591675
  },
  "total_points": 125000,
  "inside_fraction": 1.0
}