{
  "run_id": "20250728_003202",
  "timestamp": "2025-07-28T00:32:02.953286",
  "domain_bounds": [
    -200.0,
    -800.0,
    -800.0,
    800.0,
    1800.0,
    800.0
  ],
  "resolution": [
    128,
    64,
    64
  ],
  "grid_spacing": [
    7.874015748031496,
    41.26984126984127,
    25.396825396825395
  ],
  "sdf_stats": {
    "min": -1678.3306884765625,
    "max": 7.843371391296387,
    "mean": -633.5804443359375,
    "std": 422.8524169921875
  },
  "total_points": 524288,
  "inside_fraction": 0.9952774047851562
}