{
  "run_id": "20250720_211936",
  "timestamp": "2025-07-20T21:19:36.244768",
  "domain_bounds": [
    -100.0,
    -150.0,
    -150.0,
    150.0,
    150.0,
    150.0
  ],
  "resolution": [
    80,
    80,
    80
  ],
  "grid_spacing": [
    3.1645569620253164,
    3.7974683544303796,
    3.7974683544303796
  ],
  "sdf_stats": {
    "min": -192.8815155029297,
    "max": 7.918941020965576,
    "mean": -83.24454498291016,
    "std": 36.09996032714844
  },
  "total_points": 512000,
  "inside_fraction": 0.996279296875
}