{
  "run_id": "20250720_211925",
  "timestamp": "2025-07-20T21:19:25.911455",
  "domain_bounds": [
    -100.0,
    -150.0,
    -150.0,
    150.0,
    150.0,
    150.0
  ],
  "resolution": [
    100,
    100,
    100
  ],
  "grid_spacing": [
    2.525252525252525,
    3.0303030303030303,
    3.0303030303030303
  ],
  "sdf_stats": {
    "min": -192.8815155029297,
    "max": 8.110301971435547,
    "mean": -82.92591857910156,
    "std": 35.99657440185547
  },
  "total_points": 1000000,
  "inside_fraction": 0.996329
}