{
  "run_id": "20250726_231012",
  "timestamp": "2025-07-26T23:10:12.802034",
  "domain_bounds": [
    -100.0,
    -700.0,
    -700.0,
    1800.0,
    700.0,
    700.0
  ],
  "resolution": [
    100,
    100,
    100
  ],
  "grid_spacing": [
    19.19191919191919,
    14.141414141414142,
    14.141414141414142
  ],
  "sdf_stats": {
    "min": -742.4127197265625,
    "max": 8.01966667175293,
    "mean": -224.31173706054688,
    "std": 152.96156311035156
  },
  "total_points": 1000000,
  "inside_fraction": 0.983718
}