{
  "run_id": "20250720_211950",
  "timestamp": "2025-07-20T21:19:50.619579",
  "domain_bounds": [
    -100.0,
    -150.0,
    -150.0,
    150.0,
    150.0,
    150.0
  ],
  "resolution": [
    60,
    60,
    60
  ],
  "grid_spacing": [
    4.237288135593221,
    5.084745762711864,
    5.084745762711864
  ],
  "sdf_stats": {
    "min": -192.8815155029297,
    "max": 6.982578754425049,
    "mean": -83.77751922607422,
    "std": 36.272491455078125
  },
  "total_points": 216000,
  "inside_fraction": 0.9964907407407407
}